{"1": "62", "2": "0", "3": "64", "4": "53", "5": "50", "6": "46", "7": "55", "8": "52", "9": "48", "10": "57", "11": "69", "12": "65", "13": "60", "14": "71", "15": "67", "16": "72", "17": "76", "18": "77", "19": "66", "20": "74", "21": "33", "22": "41", "23": "59", "24": "54", "25": "36", "26": "37", "27": "38", "28": "39", "29": "63", "30": "45", "31": "75", "32": "70", "33": "56", "34": "79", "35": "73", "36": "81", "37": "80", "38": "68", "39": "40", "40": "43", "41": "47", "42": "61", "43": "58", "44": "51", "45": "49", "46": "83", "47": "84", "48": "88", "49": "78", "50": "44", "51": "34", "52": "85", "53": "86", "54": "87", "55": "42", "56": "82", "57": "90", "58": "91", "59": "31", "60": "89", "61": "16", "62": "14", "63": "11", "64": "28", "65": "35", "66": "92", "67": "96", "68": "98", "69": "93", "70": "95", "71": "94", "72": "21", "73": "30", "74": "29", "75": "32", "76": "24", "77": "27", "78": "26", "79": "100", "80": "101", "81": "97", "82": "22", "83": "25", "84": "105", "85": "103", "86": "23", "87": "99", "88": "15", "89": "19", "90": "18", "91": "9", "92": "5", "93": "13", "94": "10", "95": "3", "96": "6", "97": "2", "98": "20", "99": "12", "100": "8", "101": "17", "102": "7", "103": "4", "104": "1", "105": "104", "106": "102", "107": "107", "108": "108", "109": "106", "110": "109", "111": "S", "112": "E", "0": "P"}