{"1": "72", "2": "71", "3": "69", "4": "64", "5": "67", "6": "0", "7": "60", "8": "65", "9": "62", "10": "59", "11": "52", "12": "57", "13": "55", "14": "53", "15": "63", "16": "58", "17": "68", "18": "74", "19": "56", "20": "75", "21": "66", "22": "54", "23": "70", "24": "61", "25": "81", "26": "79", "27": "77", "28": "76", "29": "83", "30": "84", "31": "50", "32": "48", "33": "73", "34": "80", "35": "45", "36": "49", "37": "88", "38": "86", "39": "78", "40": "47", "41": "43", "42": "44", "43": "51", "44": "41", "45": "82", "46": "46", "47": "38", "48": "36", "49": "33", "50": "40", "51": "91", "52": "96", "53": "89", "54": "98", "55": "42", "56": "87", "57": "85", "58": "37", "59": "93", "60": "92", "61": "95", "62": "39", "63": "90", "64": "35", "65": "34", "66": "23", "67": "29", "68": "21", "69": "16", "70": "14", "71": "11", "72": "28", "73": "31", "74": "32", "75": "94", "76": "100", "77": "30", "78": "101", "79": "105", "80": "103", "81": "27", "82": "24", "83": "22", "84": "25", "85": "26", "86": "97", "87": "9", "88": "10", "89": "8", "90": "17", "91": "12", "92": "13", "93": "19", "94": "18", "95": "3", "96": "15", "97": "4", "98": "20", "99": "6", "100": "2", "101": "1", "102": "5", "103": "7", "104": "99", "105": "102", "106": "104", "107": "107", "108": "108", "109": "106", "110": "109", "111": "S", "112": "E", "0": "P"}