{
  "Pleased": [
    [0.2, 0.25],
    [0.23, 0.27],
    [0.25, 0.27],
    [0.25, 0.28],
    [0.26, 0.28],
    [0.26, 0.34],
    [0.26, 0.31],
    [0.27, 0.32],
    [0.28, 0.33],
    [0.29, 0.34],
    [0.3, 0.35],
    [0.33, 0.36],
    [0.34, 0.37],
    [0.37, 0.4],
    [0.4, 0.42],
    [0.5, 0.45]
  ],
  "Serene": [
    [-0.15, -0.15],
    [-0.1, -0.15],
    [-0.09, -0.13],
    [-0.09, -0.12],
    [-0.08, -0.11],
    [-0.07, -0.09],
    [-0.07, -0.07],
    [-0.06, -0.05],
    [-0.05, -0.05],
    [-0.04, -0.03],
    [-0.03, -0.02],
    [0, 0],
    [0.01, 0],
    [0.01, -0.01],
    [0.04, 0.04],
    [0.05, 0.05]
  ],
  "Serene": [
    [-0.15, -0.15],
    [-0.1, -0.15],
    [-0.09, -0.13],
    [-0.09, -0.12],
    [-0.08, -0.11],
    [-0.07, -0.09],
    [-0.07, -0.07],
    [-0.06, -0.05],
    [-0.05, -0.05],
    [-0.04, -0.03],
    [-0.03, -0.02],
    [0, 0],
    [0.01, 0],
    [0.01, -0.01],
    [0.04, 0.04],
    [0.05, 0.05]
  ],
  "Pleased": [
    [0.2, 0.25],
    [0.23, 0.27],
    [0.25, 0.27],
    [0.25, 0.28],
    [0.26, 0.28],
    [0.26, 0.34],
    [0.26, 0.31],
    [0.27, 0.32],
    [0.28, 0.33],
    [0.29, 0.34],
    [0.3, 0.35],
    [0.33, 0.36],
    [0.34, 0.37],
    [0.37, 0.4],
    [0.4, 0.42],
    [0.5, 0.45]
  ],
  "Bored": [
    [-0.65, -0.45],
    [-0.64, -0.46],
    [-0.62, -0.5],
    [-0.62, -0.51],
    [-0.61, -0.52],
    [-0.6, 0.52],
    [-0.59, -0.52],
    [-0.58, -0.53],
    [-0.58, -0.54],
    [-0.56, -0.53],
    [-0.56, -0.52],
    [-0.55, -0.54],
    [-0.55, -0.56],
    [-0.54, -0.58],
    [-0.51, -0.58],
    [-0.5, -0.6]
  ],
  "Bored": [
    [-0.65, -0.45],
    [-0.64, -0.46],
    [-0.62, -0.5],
    [-0.62, -0.51],
    [-0.61, -0.52],
    [-0.6, 0.52],
    [-0.59, -0.52],
    [-0.58, -0.53],
    [-0.58, -0.54],
    [-0.56, -0.53],
    [-0.56, -0.52],
    [-0.55, -0.54],
    [-0.55, -0.56],
    [-0.54, -0.58],
    [-0.51, -0.58],
    [-0.5, -0.6]
  ],
  "Sad": [
    [-0.35, -0.7],
    [-0.34, -0.71],
    [-0.33, -0.72],
    [-0.34, -0.73],
    [-0.32, -0.74],
    [-0.31, -0.75],
    [-0.31, -0.76],
    [-0.3, -0.77],
    [-0.29, -0.79],
    [-0.26, -0.8],
    [-0.26, -0.81],
    [-0.24, -0.81],
    [-0.23, -0.82],
    [-0.22, -0.84],
    [-0.2, -0.85],
    [-0.2, -0.6]
  ],
  "happy": [
    [0.25, 0.65],
    [0.23, 0.67],
    [0.23, 0.7],
    [0.22, 0.72],
    [0.21, 0.71],
    [0.21, 0.73],
    [0.2, 0.73],
    [0.19, 0.74],
    [0.16, 0.74],
    [0.16, 0.75],
    [0.14, 0.76],
    [0.14, 0.77],
    [0.13, 0.77],
    [0.12, 0.78],
    [0.12, 0.79],
    [0.1, 0.8]
  ],
  "happy": [
    [0.25, 0.65],
    [0.23, 0.67],
    [0.23, 0.7],
    [0.22, 0.72],
    [0.21, 0.71],
    [0.21, 0.73],
    [0.2, 0.73],
    [0.19, 0.74],
    [0.16, 0.74],
    [0.16, 0.75],
    [0.14, 0.76],
    [0.14, 0.77],
    [0.13, 0.77],
    [0.12, 0.78],
    [0.12, 0.79],
    [0.1, 0.8]
  ],
  "Contented": [
    [-0.2, 0.8],
    [-0.21, 0.77],
    [-0.23, 0.76],
    [-0.24, 0.75],
    [-0.24, 0.74],
    [-0.25, 0.74],
    [-0.25, 0.73],
    [-0.27, 0.74],
    [-0.27, 0.72],
    [-0.28, 0.69],
    [-0.29, 0.69],
    [-0.29, 0.68],
    [-0.31, 0.67],
    [-0.32, 0.67],
    [-0.33, 0.66],
    [-0.35, 0.65]
  ],
  "Tense": [
    [0.65, -0.25],
    [0.67, -0.21],
    [0.68, -0.18],
    [0.69, -0.18],
    [0.7, -0.16],
    [0.71, -0.16],
    [0.73, -0.15],
    [0.75, -0.14],
    [0.77, -0.13],
    [0.77, -0.13],
    [0.79, -0.12],
    [0.78, -0.12],
    [0.78, -0.1],
    [0.79, -0.1],
    [0.81, -0.11],
    [0.8, -0.1]
  ],
  "angry": [
    [0.45, -0.6],
    [0.46, -0.6],
    [0.47, -0.59],
    [0.48, -0.57],
    [0.49, -0.58],
    [0.49, -0.56],
    [0.5, -0.55],
    [0.51, -0.54],
    [0.52, -0.53],
    [0.52, -0.51],
    [0.53, -0.5],
    [0.53, -0.49],
    [0.55, -0.47],
    [0.58, -0.46],
    [0.59, -0.45],
    [0.6, -0.45]
  ],
  "Tense": [
    [0.65, -0.25],
    [0.67, -0.21],
    [0.68, -0.18],
    [0.69, -0.18],
    [0.7, -0.16],
    [0.71, -0.16],
    [0.73, -0.15],
    [0.75, -0.14],
    [0.77, -0.13],
    [0.77, -0.13],
    [0.79, -0.12],
    [0.78, -0.12],
    [0.78, -0.1],
    [0.79, -0.1],
    [0.81, -0.11],
    [0.8, -0.1]
  ],
  "Tense": [
    [0.65, -0.25],
    [0.67, -0.21],
    [0.68, -0.18],
    [0.69, -0.18],
    [0.7, -0.16],
    [0.71, -0.16],
    [0.73, -0.15],
    [0.75, -0.14],
    [0.77, -0.13],
    [0.77, -0.13],
    [0.79, -0.12],
    [0.78, -0.12],
    [0.78, -0.1],
    [0.79, -0.1],
    [0.81, -0.11],
    [0.8, -0.1]
  ],
  "angry": [
    [0.45, -0.6],
    [0.46, -0.6],
    [0.47, -0.59],
    [0.48, -0.57],
    [0.49, -0.58],
    [0.49, -0.56],
    [0.5, -0.55],
    [0.51, -0.54],
    [0.52, -0.53],
    [0.52, -0.51],
    [0.53, -0.5],
    [0.53, -0.49],
    [0.55, -0.47],
    [0.58, -0.46],
    [0.59, -0.45],
    [0.6, -0.45]
  ]
}
